time,contract,path
1730836537.5281787,test.code,"[{'index': 0, 'path': [0, 12, 13, 65, 186, 197, 502, 241, 242]}, {'index': 1, 'path': [0, 12, 13, 92, 103, 282, 156, 185]}, {'index': 2, 'path': [0, 12, 13, 65, 76, 243, 254, 570, 664, 780]}]"
1730836564.3882017,test.code,"[{'index': 0, 'path': [0, 12, 13, 65, 186, 197, 502, 241, 242]}, {'index': 1, 'path': [0, 12, 13, 92, 103, 282, 156, 185]}, {'index': 2, 'path': [0, 12, 13, 65, 76, 243, 254, 570, 664, 780]}]"
